nom_joueur,numero,poste,taille,poids,age,club_actuel,selections,url_cv_image,url_page_principale,date_extraction,bio_courte,club_precedent,competitions,date_naissance,defaites,derniere_selection,distinctions,matches_joues,nationalite,points_totaux,ratio_victoires,titres,urls_stats,victoires
Barthélémy Chinenyeze,1,,,,,,,/data/Files/2025%20-%20EDF%20MASCULINE%20VOLLEY/CV%20JOUEURS/1%20Barth%C3%A9l%C3%A9my%20Chinenyeze.png,http://www.ffvb.org/index.php?lvlid=384&dsgtypid=37&artid=1239&pos=0,2025-06-13T16:37:54.708069,FFVolley Partenaires CONSULTATIONS Emploi / Appel à candidature PSF - Projets Sportifs Fédéraux Labels Clubs Equipements et Homologations Lutte contre les Maltraitances Agents Sportifs Paris sportifs,,Championnats Nationaux | Championnats Régionaux | Championnats Départementaux | Coupes de France Seniors | Coupes de France Jeunes | Championnat de France | Coupe de France de Beach Volley | COUPE DE FRANCE COMPET'LIB | COUPE DE FRANCE MASTERS,,,,,,France,,,,http://www.ffvb.org/211-37-1-Projet-de-Performance-Federal | http://www.ffvb.org/350-37-1-STATISTIQUES | http://www.ffvb.org/148-37-1-Palmares | http://www.ffvb.org/283-37-1-Palmares | http://www.ffvb.org/284-37-1-Palmares,
Jean Patry,4,,,,,,,/data/Files/2025%20-%20EDF%20MASCULINE%20VOLLEY/CV%20JOUEURS/4%20Jean%20Patry.png,http://www.ffvb.org/index.php?lvlid=384&dsgtypid=37&artid=1239&pos=2,2025-06-13T16:37:15.255273,FFVolley Partenaires CONSULTATIONS Emploi / Appel à candidature PSF - Projets Sportifs Fédéraux Labels Clubs Equipements et Homologations Lutte contre les Maltraitances Agents Sportifs Paris sportifs,,Championnats Nationaux | Championnats Régionaux | Championnats Départementaux | Coupes de France Seniors | Coupes de France Jeunes | Championnat de France | Coupe de France de Beach Volley | COUPE DE FRANCE COMPET'LIB | COUPE DE FRANCE MASTERS,,,,,,France,,,,http://www.ffvb.org/211-37-1-Projet-de-Performance-Federal | http://www.ffvb.org/350-37-1-STATISTIQUES | http://www.ffvb.org/148-37-1-Palmares | http://www.ffvb.org/283-37-1-Palmares | http://www.ffvb.org/284-37-1-Palmares,
Benjamin Toniutti,6,,,,,,,/data/Files/2025%20-%20EDF%20MASCULINE%20VOLLEY/CV%20JOUEURS/6%20Benjamin%20Toniutti.png,http://www.ffvb.org/index.php?lvlid=384&dsgtypid=37&artid=1239&pos=3,2025-06-13T16:37:12.796766,FFVolley Partenaires CONSULTATIONS Emploi / Appel à candidature PSF - Projets Sportifs Fédéraux Labels Clubs Equipements et Homologations Lutte contre les Maltraitances Agents Sportifs Paris sportifs,,Championnats Nationaux | Championnats Régionaux | Championnats Départementaux | Coupes de France Seniors | Coupes de France Jeunes | Championnat de France | Coupe de France de Beach Volley | COUPE DE FRANCE COMPET'LIB | COUPE DE FRANCE MASTERS,,,,,,France,,,,http://www.ffvb.org/211-37-1-Projet-de-Performance-Federal | http://www.ffvb.org/350-37-1-STATISTIQUES | http://www.ffvb.org/148-37-1-Palmares | http://www.ffvb.org/283-37-1-Palmares | http://www.ffvb.org/284-37-1-Palmares,
Kevin Tillie,7,,,,,,,/data/Files/2025%20-%20EDF%20MASCULINE%20VOLLEY/CV%20JOUEURS/7%20Kevin%20Tillie.png,http://www.ffvb.org/index.php?lvlid=384&dsgtypid=37&artid=1239&pos=4,2025-06-13T16:34:00.147749,FFVolley Partenaires CONSULTATIONS Emploi / Appel à candidature PSF - Projets Sportifs Fédéraux Labels Clubs Equipements et Homologations Lutte contre les Maltraitances Agents Sportifs Paris sportifs,,Championnats Nationaux | Championnats Régionaux | Championnats Départementaux | Coupes de France Seniors | Coupes de France Jeunes | Championnat de France | Coupe de France de Beach Volley | COUPE DE FRANCE COMPET'LIB | COUPE DE FRANCE MASTERS,,,,,,France,,,,http://www.ffvb.org/211-37-1-Projet-de-Performance-Federal | http://www.ffvb.org/350-37-1-STATISTIQUES | http://www.ffvb.org/148-37-1-Palmares | http://www.ffvb.org/283-37-1-Palmares | http://www.ffvb.org/284-37-1-Palmares,
Earvin Ngapeth,9,,,,,,,/data/Files/2025%20-%20EDF%20MASCULINE%20VOLLEY/CV%20JOUEURS/9%20Earvin%20Ngapeth.png,http://www.ffvb.org/index.php?lvlid=384&dsgtypid=37&artid=1221&pos=5,2025-06-13T16:36:20.480487,FFVolley Partenaires CONSULTATIONS Emploi / Appel à candidature PSF - Projets Sportifs Fédéraux Labels Clubs Equipements et Homologations Lutte contre les Maltraitances Agents Sportifs Paris sportifs,,Championnats Nationaux | Championnats Régionaux | Championnats Départementaux | Coupes de France Seniors | Coupes de France Jeunes | Championnat de France | Coupe de France de Beach Volley | COUPE DE FRANCE COMPET'LIB | COUPE DE FRANCE MASTERS,,,,,,France,,,,http://www.ffvb.org/211-37-1-Projet-de-Performance-Federal | http://www.ffvb.org/350-37-1-STATISTIQUES | http://www.ffvb.org/148-37-1-Palmares | http://www.ffvb.org/283-37-1-Palmares | http://www.ffvb.org/284-37-1-Palmares,
Antoine Brizard,11,,,,,,,/data/Files/2025%20-%20EDF%20MASCULINE%20VOLLEY/CV%20JOUEURS/11%20Antoine%20Brizard.png,http://www.ffvb.org/index.php?lvlid=384&dsgtypid=37&artid=1223&pos=6,2025-06-13T16:35:54.962394,FFVolley Partenaires CONSULTATIONS Emploi / Appel à candidature PSF - Projets Sportifs Fédéraux Labels Clubs Equipements et Homologations Lutte contre les Maltraitances Agents Sportifs Paris sportifs,,Championnats Nationaux | Championnats Régionaux | Championnats Départementaux | Coupes de France Seniors | Coupes de France Jeunes | Championnat de France | Coupe de France de Beach Volley | COUPE DE FRANCE COMPET'LIB | COUPE DE FRANCE MASTERS,,,,,,France,,,,http://www.ffvb.org/211-37-1-Projet-de-Performance-Federal | http://www.ffvb.org/350-37-1-STATISTIQUES | http://www.ffvb.org/148-37-1-Palmares | http://www.ffvb.org/283-37-1-Palmares | http://www.ffvb.org/284-37-1-Palmares,
Nicolas Le Goff,14,,,,,,,/data/Files/2025%20-%20EDF%20MASCULINE%20VOLLEY/CV%20JOUEURS/14%20Nicolas%20Le%20Goff.png,http://www.ffvb.org/index.php?lvlid=384&dsgtypid=37&artid=1224&pos=7,2025-06-13T16:35:51.746879,FFVolley Partenaires CONSULTATIONS Emploi / Appel à candidature PSF - Projets Sportifs Fédéraux Labels Clubs Equipements et Homologations Lutte contre les Maltraitances Agents Sportifs Paris sportifs,,Championnats Nationaux | Championnats Régionaux | Championnats Départementaux | Coupes de France Seniors | Coupes de France Jeunes | Championnat de France | Coupe de France de Beach Volley | COUPE DE FRANCE COMPET'LIB | COUPE DE FRANCE MASTERS,,,,,,France,,,,http://www.ffvb.org/211-37-1-Projet-de-Performance-Federal | http://www.ffvb.org/350-37-1-STATISTIQUES | http://www.ffvb.org/148-37-1-Palmares | http://www.ffvb.org/283-37-1-Palmares | http://www.ffvb.org/284-37-1-Palmares,
Trevor Clevenot,17,,,,,,,/data/Files/2025%20-%20EDF%20MASCULINE%20VOLLEY/CV%20JOUEURS/17%20Trevor%20Clevenot.png,http://www.ffvb.org/index.php?lvlid=384&dsgtypid=37&artid=1225&pos=8,2025-06-13T16:34:09.983835,FFVolley Partenaires CONSULTATIONS Emploi / Appel à candidature PSF - Projets Sportifs Fédéraux Labels Clubs Equipements et Homologations Lutte contre les Maltraitances Agents Sportifs Paris sportifs,,Championnats Nationaux | Championnats Régionaux | Championnats Départementaux | Coupes de France Seniors | Coupes de France Jeunes | Championnat de France | Coupe de France de Beach Volley | COUPE DE FRANCE COMPET'LIB | COUPE DE FRANCE MASTERS,,,,,,France,,,,http://www.ffvb.org/211-37-1-Projet-de-Performance-Federal | http://www.ffvb.org/350-37-1-STATISTIQUES | http://www.ffvb.org/148-37-1-Palmares | http://www.ffvb.org/283-37-1-Palmares | http://www.ffvb.org/284-37-1-Palmares,
Yacine Louati,19,,,,,,,/data/Files/2025%20-%20EDF%20MASCULINE%20VOLLEY/CV%20JOUEURS/19%20Yacine%20Louati.png,http://www.ffvb.org/index.php?lvlid=384&dsgtypid=37&artid=1226&pos=9,2025-06-13T16:35:20.904420,FFVolley Partenaires CONSULTATIONS Emploi / Appel à candidature PSF - Projets Sportifs Fédéraux Labels Clubs Equipements et Homologations Lutte contre les Maltraitances Agents Sportifs Paris sportifs,,Championnats Nationaux | Championnats Régionaux | Championnats Départementaux | Coupes de France Seniors | Coupes de France Jeunes | Championnat de France | Coupe de France de Beach Volley | COUPE DE FRANCE COMPET'LIB | COUPE DE FRANCE MASTERS,,,,,,France,,,,http://www.ffvb.org/211-37-1-Projet-de-Performance-Federal | http://www.ffvb.org/350-37-1-STATISTIQUES | http://www.ffvb.org/148-37-1-Palmares | http://www.ffvb.org/283-37-1-Palmares | http://www.ffvb.org/284-37-1-Palmares,
Théo Faure,21,,,,,,,/data/Files/2025%20-%20EDF%20MASCULINE%20VOLLEY/CV%20JOUEURS/21%20Th%C3%A9o%20Faure.png,http://www.ffvb.org/index.php?lvlid=384&dsgtypid=37&artid=1227&pos=10,2025-06-13T16:34:17.870861,FFVolley Partenaires CONSULTATIONS Emploi / Appel à candidature PSF - Projets Sportifs Fédéraux Labels Clubs Equipements et Homologations Lutte contre les Maltraitances Agents Sportifs Paris sportifs,,Championnats Nationaux | Championnats Régionaux | Championnats Départementaux | Coupes de France Seniors | Coupes de France Jeunes | Championnat de France | Coupe de France de Beach Volley | COUPE DE FRANCE COMPET'LIB | COUPE DE FRANCE MASTERS,,,,,,France,,,,http://www.ffvb.org/211-37-1-Projet-de-Performance-Federal | http://www.ffvb.org/350-37-1-STATISTIQUES | http://www.ffvb.org/148-37-1-Palmares | http://www.ffvb.org/283-37-1-Palmares | http://www.ffvb.org/284-37-1-Palmares,
Timothee Carle,23,,,,,,,/data/Files/2025%20-%20EDF%20MASCULINE%20VOLLEY/CV%20JOUEURS/23%20Timothee%20Carle.png,http://www.ffvb.org/index.php?lvlid=384&dsgtypid=37&artid=1228&pos=11,2025-06-13T16:35:04.503456,FFVolley Partenaires CONSULTATIONS Emploi / Appel à candidature PSF - Projets Sportifs Fédéraux Labels Clubs Equipements et Homologations Lutte contre les Maltraitances Agents Sportifs Paris sportifs,,Championnats Nationaux | Championnats Régionaux | Championnats Départementaux | Coupes de France Seniors | Coupes de France Jeunes | Championnat de France | Coupe de France de Beach Volley | COUPE DE FRANCE COMPET'LIB | COUPE DE FRANCE MASTERS,,,,,,France,,,,http://www.ffvb.org/211-37-1-Projet-de-Performance-Federal | http://www.ffvb.org/350-37-1-STATISTIQUES | http://www.ffvb.org/148-37-1-Palmares | http://www.ffvb.org/283-37-1-Palmares | http://www.ffvb.org/284-37-1-Palmares,
Quentin Jouffroy,25,,,,,,,/data/Files/2025%20-%20EDF%20MASCULINE%20VOLLEY/CV%20JOUEURS/25%20Quentin%20Jouffroy.png,http://www.ffvb.org/index.php?lvlid=384&dsgtypid=37&artid=1229&pos=12,2025-06-13T16:34:24.054865,FFVolley Partenaires CONSULTATIONS Emploi / Appel à candidature PSF - Projets Sportifs Fédéraux Labels Clubs Equipements et Homologations Lutte contre les Maltraitances Agents Sportifs Paris sportifs,,Championnats Nationaux | Championnats Régionaux | Championnats Départementaux | Coupes de France Seniors | Coupes de France Jeunes | Championnat de France | Coupe de France de Beach Volley | COUPE DE FRANCE COMPET'LIB | COUPE DE FRANCE MASTERS,,,,,,France,,,,http://www.ffvb.org/211-37-1-Projet-de-Performance-Federal | http://www.ffvb.org/350-37-1-STATISTIQUES | http://www.ffvb.org/148-37-1-Palmares | http://www.ffvb.org/283-37-1-Palmares | http://www.ffvb.org/284-37-1-Palmares,
