nom_joueur,numero,poste,taille,poids,age,date_naissance,club_actuel,club_precedent,nationalite,selections,points_totaux,matches_joues,victoires,defaites,ratio_victoires,derniere_selection,competitions,titres,distinctions,bio_courte,url_cv_image,url_page_principale,urls_stats,date_extraction
Kevin Tillie,7,,,,,,,,France,,,,,,,,Championnats Nationaux | Championnats Régionaux | Championnats Départementaux | Coupes de France Seniors | Coupes de France Jeunes | Championnat de France | Coupe de France de Beach Volley | COUPE DE FRANCE COMPET'LIB | COUPE DE FRANCE MASTERS,,,FFVolley Partenaires CONSULTATIONS Emploi / Appel à candidature PSF - Projets Sportifs Fédéraux Labels Clubs Equipements et Homologations Lutte contre les Maltraitances Agents Sportifs Paris sportifs,/data/Files/2025%20-%20EDF%20MASCULINE%20VOLLEY/CV%20JOUEURS/7%20Kevin%20Tillie.png,http://www.ffvb.org/index.php?lvlid=384&dsgtypid=37&artid=1239&pos=4,http://www.ffvb.org/211-37-1-Projet-de-Performance-Federal | http://www.ffvb.org/350-37-1-STATISTIQUES | http://www.ffvb.org/148-37-1-Palmares | http://www.ffvb.org/283-37-1-Palmares | http://www.ffvb.org/284-37-1-Palmares,2025-06-13T16:34:00.147749
Kevin Tillie,7,,,,,,,,France,,,,,,,,Championnats Nationaux | Championnats Régionaux | Championnats Départementaux | Coupes de France Seniors | Coupes de France Jeunes | Championnat de France | Coupe de France de Beach Volley | COUPE DE FRANCE COMPET'LIB | COUPE DE FRANCE MASTERS,,,FFVolley Partenaires CONSULTATIONS Emploi / Appel à candidature PSF - Projets Sportifs Fédéraux Labels Clubs Equipements et Homologations Lutte contre les Maltraitances Agents Sportifs Paris sportifs,/data/Files/2025%20-%20EDF%20MASCULINE%20VOLLEY/CV%20JOUEURS/7%20Kevin%20Tillie.png,http://www.ffvb.org/index.php?lvlid=384&dsgtypid=37&artid=1239&pos=4,http://www.ffvb.org/211-37-1-Projet-de-Performance-Federal | http://www.ffvb.org/350-37-1-STATISTIQUES | http://www.ffvb.org/148-37-1-Palmares | http://www.ffvb.org/283-37-1-Palmares | http://www.ffvb.org/284-37-1-Palmares,2025-06-13T16:34:00.147749
Trevor Clevenot,17,,,,,,,,France,,,,,,,,Championnats Nationaux | Championnats Régionaux | Championnats Départementaux | Coupes de France Seniors | Coupes de France Jeunes | Championnat de France | Coupe de France de Beach Volley | COUPE DE FRANCE COMPET'LIB | COUPE DE FRANCE MASTERS,,,FFVolley Partenaires CONSULTATIONS Emploi / Appel à candidature PSF - Projets Sportifs Fédéraux Labels Clubs Equipements et Homologations Lutte contre les Maltraitances Agents Sportifs Paris sportifs,/data/Files/2025%20-%20EDF%20MASCULINE%20VOLLEY/CV%20JOUEURS/17%20Trevor%20Clevenot.png,http://www.ffvb.org/index.php?lvlid=384&dsgtypid=37&artid=1225&pos=8,http://www.ffvb.org/211-37-1-Projet-de-Performance-Federal | http://www.ffvb.org/350-37-1-STATISTIQUES | http://www.ffvb.org/148-37-1-Palmares | http://www.ffvb.org/283-37-1-Palmares | http://www.ffvb.org/284-37-1-Palmares,2025-06-13T16:34:09.983835
Trevor Clevenot,17,,,,,,,,France,,,,,,,,Championnats Nationaux | Championnats Régionaux | Championnats Départementaux | Coupes de France Seniors | Coupes de France Jeunes | Championnat de France | Coupe de France de Beach Volley | COUPE DE FRANCE COMPET'LIB | COUPE DE FRANCE MASTERS,,,FFVolley Partenaires CONSULTATIONS Emploi / Appel à candidature PSF - Projets Sportifs Fédéraux Labels Clubs Equipements et Homologations Lutte contre les Maltraitances Agents Sportifs Paris sportifs,/data/Files/2025%20-%20EDF%20MASCULINE%20VOLLEY/CV%20JOUEURS/17%20Trevor%20Clevenot.png,http://www.ffvb.org/index.php?lvlid=384&dsgtypid=37&artid=1225&pos=8,http://www.ffvb.org/211-37-1-Projet-de-Performance-Federal | http://www.ffvb.org/350-37-1-STATISTIQUES | http://www.ffvb.org/148-37-1-Palmares | http://www.ffvb.org/283-37-1-Palmares | http://www.ffvb.org/284-37-1-Palmares,2025-06-13T16:34:09.983835
Théo Faure,21,,,,,,,,France,,,,,,,,Championnats Nationaux | Championnats Régionaux | Championnats Départementaux | Coupes de France Seniors | Coupes de France Jeunes | Championnat de France | Coupe de France de Beach Volley | COUPE DE FRANCE COMPET'LIB | COUPE DE FRANCE MASTERS,,,FFVolley Partenaires CONSULTATIONS Emploi / Appel à candidature PSF - Projets Sportifs Fédéraux Labels Clubs Equipements et Homologations Lutte contre les Maltraitances Agents Sportifs Paris sportifs,/data/Files/2025%20-%20EDF%20MASCULINE%20VOLLEY/CV%20JOUEURS/21%20Th%C3%A9o%20Faure.png,http://www.ffvb.org/index.php?lvlid=384&dsgtypid=37&artid=1227&pos=10,http://www.ffvb.org/211-37-1-Projet-de-Performance-Federal | http://www.ffvb.org/350-37-1-STATISTIQUES | http://www.ffvb.org/148-37-1-Palmares | http://www.ffvb.org/283-37-1-Palmares | http://www.ffvb.org/284-37-1-Palmares,2025-06-13T16:34:17.870861
Théo Faure,21,,,,,,,,France,,,,,,,,Championnats Nationaux | Championnats Régionaux | Championnats Départementaux | Coupes de France Seniors | Coupes de France Jeunes | Championnat de France | Coupe de France de Beach Volley | COUPE DE FRANCE COMPET'LIB | COUPE DE FRANCE MASTERS,,,FFVolley Partenaires CONSULTATIONS Emploi / Appel à candidature PSF - Projets Sportifs Fédéraux Labels Clubs Equipements et Homologations Lutte contre les Maltraitances Agents Sportifs Paris sportifs,/data/Files/2025%20-%20EDF%20MASCULINE%20VOLLEY/CV%20JOUEURS/21%20Th%C3%A9o%20Faure.png,http://www.ffvb.org/index.php?lvlid=384&dsgtypid=37&artid=1227&pos=10,http://www.ffvb.org/211-37-1-Projet-de-Performance-Federal | http://www.ffvb.org/350-37-1-STATISTIQUES | http://www.ffvb.org/148-37-1-Palmares | http://www.ffvb.org/283-37-1-Palmares | http://www.ffvb.org/284-37-1-Palmares,2025-06-13T16:34:17.870861
Quentin Jouffroy,25,,,,,,,,France,,,,,,,,Championnats Nationaux | Championnats Régionaux | Championnats Départementaux | Coupes de France Seniors | Coupes de France Jeunes | Championnat de France | Coupe de France de Beach Volley | COUPE DE FRANCE COMPET'LIB | COUPE DE FRANCE MASTERS,,,FFVolley Partenaires CONSULTATIONS Emploi / Appel à candidature PSF - Projets Sportifs Fédéraux Labels Clubs Equipements et Homologations Lutte contre les Maltraitances Agents Sportifs Paris sportifs,/data/Files/2025%20-%20EDF%20MASCULINE%20VOLLEY/CV%20JOUEURS/25%20Quentin%20Jouffroy.png,http://www.ffvb.org/index.php?lvlid=384&dsgtypid=37&artid=1229&pos=12,http://www.ffvb.org/211-37-1-Projet-de-Performance-Federal | http://www.ffvb.org/350-37-1-STATISTIQUES | http://www.ffvb.org/148-37-1-Palmares | http://www.ffvb.org/283-37-1-Palmares | http://www.ffvb.org/284-37-1-Palmares,2025-06-13T16:34:24.054865
Théo Faure,21,,,,,,,,France,,,,,,,,Championnats Nationaux | Championnats Régionaux | Championnats Départementaux | Coupes de France Seniors | Coupes de France Jeunes | Championnat de France | Coupe de France de Beach Volley | COUPE DE FRANCE COMPET'LIB | COUPE DE FRANCE MASTERS,,,FFVolley Partenaires CONSULTATIONS Emploi / Appel à candidature PSF - Projets Sportifs Fédéraux Labels Clubs Equipements et Homologations Lutte contre les Maltraitances Agents Sportifs Paris sportifs,/data/Files/2025%20-%20EDF%20MASCULINE%20VOLLEY/CV%20JOUEURS/21%20Th%C3%A9o%20Faure.png,http://www.ffvb.org/index.php?lvlid=384&dsgtypid=37&artid=1227&pos=10,http://www.ffvb.org/211-37-1-Projet-de-Performance-Federal | http://www.ffvb.org/350-37-1-STATISTIQUES | http://www.ffvb.org/148-37-1-Palmares | http://www.ffvb.org/283-37-1-Palmares | http://www.ffvb.org/284-37-1-Palmares,2025-06-13T16:34:17.870861
Quentin Jouffroy,25,,,,,,,,France,,,,,,,,Championnats Nationaux | Championnats Régionaux | Championnats Départementaux | Coupes de France Seniors | Coupes de France Jeunes | Championnat de France | Coupe de France de Beach Volley | COUPE DE FRANCE COMPET'LIB | COUPE DE FRANCE MASTERS,,,FFVolley Partenaires CONSULTATIONS Emploi / Appel à candidature PSF - Projets Sportifs Fédéraux Labels Clubs Equipements et Homologations Lutte contre les Maltraitances Agents Sportifs Paris sportifs,/data/Files/2025%20-%20EDF%20MASCULINE%20VOLLEY/CV%20JOUEURS/25%20Quentin%20Jouffroy.png,http://www.ffvb.org/index.php?lvlid=384&dsgtypid=37&artid=1229&pos=12,http://www.ffvb.org/211-37-1-Projet-de-Performance-Federal | http://www.ffvb.org/350-37-1-STATISTIQUES | http://www.ffvb.org/148-37-1-Palmares | http://www.ffvb.org/283-37-1-Palmares | http://www.ffvb.org/284-37-1-Palmares,2025-06-13T16:34:24.054865
Quentin Jouffroy,25,,,,,,,,France,,,,,,,,Championnats Nationaux | Championnats Régionaux | Championnats Départementaux | Coupes de France Seniors | Coupes de France Jeunes | Championnat de France | Coupe de France de Beach Volley | COUPE DE FRANCE COMPET'LIB | COUPE DE FRANCE MASTERS,,,FFVolley Partenaires CONSULTATIONS Emploi / Appel à candidature PSF - Projets Sportifs Fédéraux Labels Clubs Equipements et Homologations Lutte contre les Maltraitances Agents Sportifs Paris sportifs,/data/Files/2025%20-%20EDF%20MASCULINE%20VOLLEY/CV%20JOUEURS/25%20Quentin%20Jouffroy.png,http://www.ffvb.org/index.php?lvlid=384&dsgtypid=37&artid=1229&pos=12,http://www.ffvb.org/211-37-1-Projet-de-Performance-Federal | http://www.ffvb.org/350-37-1-STATISTIQUES | http://www.ffvb.org/148-37-1-Palmares | http://www.ffvb.org/283-37-1-Palmares | http://www.ffvb.org/284-37-1-Palmares,2025-06-13T16:34:24.054865
Quentin Jouffroy,25,,,,,,,,France,,,,,,,,Championnats Nationaux | Championnats Régionaux | Championnats Départementaux | Coupes de France Seniors | Coupes de France Jeunes | Championnat de France | Coupe de France de Beach Volley | COUPE DE FRANCE COMPET'LIB | COUPE DE FRANCE MASTERS,,,FFVolley Partenaires CONSULTATIONS Emploi / Appel à candidature PSF - Projets Sportifs Fédéraux Labels Clubs Equipements et Homologations Lutte contre les Maltraitances Agents Sportifs Paris sportifs,/data/Files/2025%20-%20EDF%20MASCULINE%20VOLLEY/CV%20JOUEURS/25%20Quentin%20Jouffroy.png,http://www.ffvb.org/index.php?lvlid=384&dsgtypid=37&artid=1229&pos=12,http://www.ffvb.org/211-37-1-Projet-de-Performance-Federal | http://www.ffvb.org/350-37-1-STATISTIQUES | http://www.ffvb.org/148-37-1-Palmares | http://www.ffvb.org/283-37-1-Palmares | http://www.ffvb.org/284-37-1-Palmares,2025-06-13T16:34:24.054865
Théo Faure,21,,,,,,,,France,,,,,,,,Championnats Nationaux | Championnats Régionaux | Championnats Départementaux | Coupes de France Seniors | Coupes de France Jeunes | Championnat de France | Coupe de France de Beach Volley | COUPE DE FRANCE COMPET'LIB | COUPE DE FRANCE MASTERS,,,FFVolley Partenaires CONSULTATIONS Emploi / Appel à candidature PSF - Projets Sportifs Fédéraux Labels Clubs Equipements et Homologations Lutte contre les Maltraitances Agents Sportifs Paris sportifs,/data/Files/2025%20-%20EDF%20MASCULINE%20VOLLEY/CV%20JOUEURS/21%20Th%C3%A9o%20Faure.png,http://www.ffvb.org/index.php?lvlid=384&dsgtypid=37&artid=1227&pos=10,http://www.ffvb.org/211-37-1-Projet-de-Performance-Federal | http://www.ffvb.org/350-37-1-STATISTIQUES | http://www.ffvb.org/148-37-1-Palmares | http://www.ffvb.org/283-37-1-Palmares | http://www.ffvb.org/284-37-1-Palmares,2025-06-13T16:34:17.870861
Timothee Carle,23,,,,,,,,France,,,,,,,,Championnats Nationaux | Championnats Régionaux | Championnats Départementaux | Coupes de France Seniors | Coupes de France Jeunes | Championnat de France | Coupe de France de Beach Volley | COUPE DE FRANCE COMPET'LIB | COUPE DE FRANCE MASTERS,,,FFVolley Partenaires CONSULTATIONS Emploi / Appel à candidature PSF - Projets Sportifs Fédéraux Labels Clubs Equipements et Homologations Lutte contre les Maltraitances Agents Sportifs Paris sportifs,/data/Files/2025%20-%20EDF%20MASCULINE%20VOLLEY/CV%20JOUEURS/23%20Timothee%20Carle.png,http://www.ffvb.org/index.php?lvlid=384&dsgtypid=37&artid=1228&pos=11,http://www.ffvb.org/211-37-1-Projet-de-Performance-Federal | http://www.ffvb.org/350-37-1-STATISTIQUES | http://www.ffvb.org/148-37-1-Palmares | http://www.ffvb.org/283-37-1-Palmares | http://www.ffvb.org/284-37-1-Palmares,2025-06-13T16:35:04.503456
Trevor Clevenot,17,,,,,,,,France,,,,,,,,Championnats Nationaux | Championnats Régionaux | Championnats Départementaux | Coupes de France Seniors | Coupes de France Jeunes | Championnat de France | Coupe de France de Beach Volley | COUPE DE FRANCE COMPET'LIB | COUPE DE FRANCE MASTERS,,,FFVolley Partenaires CONSULTATIONS Emploi / Appel à candidature PSF - Projets Sportifs Fédéraux Labels Clubs Equipements et Homologations Lutte contre les Maltraitances Agents Sportifs Paris sportifs,/data/Files/2025%20-%20EDF%20MASCULINE%20VOLLEY/CV%20JOUEURS/17%20Trevor%20Clevenot.png,http://www.ffvb.org/index.php?lvlid=384&dsgtypid=37&artid=1225&pos=8,http://www.ffvb.org/211-37-1-Projet-de-Performance-Federal | http://www.ffvb.org/350-37-1-STATISTIQUES | http://www.ffvb.org/148-37-1-Palmares | http://www.ffvb.org/283-37-1-Palmares | http://www.ffvb.org/284-37-1-Palmares,2025-06-13T16:34:09.983835
Timothee Carle,23,,,,,,,,France,,,,,,,,Championnats Nationaux | Championnats Régionaux | Championnats Départementaux | Coupes de France Seniors | Coupes de France Jeunes | Championnat de France | Coupe de France de Beach Volley | COUPE DE FRANCE COMPET'LIB | COUPE DE FRANCE MASTERS,,,FFVolley Partenaires CONSULTATIONS Emploi / Appel à candidature PSF - Projets Sportifs Fédéraux Labels Clubs Equipements et Homologations Lutte contre les Maltraitances Agents Sportifs Paris sportifs,/data/Files/2025%20-%20EDF%20MASCULINE%20VOLLEY/CV%20JOUEURS/23%20Timothee%20Carle.png,http://www.ffvb.org/index.php?lvlid=384&dsgtypid=37&artid=1228&pos=11,http://www.ffvb.org/211-37-1-Projet-de-Performance-Federal | http://www.ffvb.org/350-37-1-STATISTIQUES | http://www.ffvb.org/148-37-1-Palmares | http://www.ffvb.org/283-37-1-Palmares | http://www.ffvb.org/284-37-1-Palmares,2025-06-13T16:35:04.503456
Timothee Carle,23,,,,,,,,France,,,,,,,,Championnats Nationaux | Championnats Régionaux | Championnats Départementaux | Coupes de France Seniors | Coupes de France Jeunes | Championnat de France | Coupe de France de Beach Volley | COUPE DE FRANCE COMPET'LIB | COUPE DE FRANCE MASTERS,,,FFVolley Partenaires CONSULTATIONS Emploi / Appel à candidature PSF - Projets Sportifs Fédéraux Labels Clubs Equipements et Homologations Lutte contre les Maltraitances Agents Sportifs Paris sportifs,/data/Files/2025%20-%20EDF%20MASCULINE%20VOLLEY/CV%20JOUEURS/23%20Timothee%20Carle.png,http://www.ffvb.org/index.php?lvlid=384&dsgtypid=37&artid=1228&pos=11,http://www.ffvb.org/211-37-1-Projet-de-Performance-Federal | http://www.ffvb.org/350-37-1-STATISTIQUES | http://www.ffvb.org/148-37-1-Palmares | http://www.ffvb.org/283-37-1-Palmares | http://www.ffvb.org/284-37-1-Palmares,2025-06-13T16:35:04.503456
Timothee Carle,23,,,,,,,,France,,,,,,,,Championnats Nationaux | Championnats Régionaux | Championnats Départementaux | Coupes de France Seniors | Coupes de France Jeunes | Championnat de France | Coupe de France de Beach Volley | COUPE DE FRANCE COMPET'LIB | COUPE DE FRANCE MASTERS,,,FFVolley Partenaires CONSULTATIONS Emploi / Appel à candidature PSF - Projets Sportifs Fédéraux Labels Clubs Equipements et Homologations Lutte contre les Maltraitances Agents Sportifs Paris sportifs,/data/Files/2025%20-%20EDF%20MASCULINE%20VOLLEY/CV%20JOUEURS/23%20Timothee%20Carle.png,http://www.ffvb.org/index.php?lvlid=384&dsgtypid=37&artid=1228&pos=11,http://www.ffvb.org/211-37-1-Projet-de-Performance-Federal | http://www.ffvb.org/350-37-1-STATISTIQUES | http://www.ffvb.org/148-37-1-Palmares | http://www.ffvb.org/283-37-1-Palmares | http://www.ffvb.org/284-37-1-Palmares,2025-06-13T16:35:04.503456
Trevor Clevenot,17,,,,,,,,France,,,,,,,,Championnats Nationaux | Championnats Régionaux | Championnats Départementaux | Coupes de France Seniors | Coupes de France Jeunes | Championnat de France | Coupe de France de Beach Volley | COUPE DE FRANCE COMPET'LIB | COUPE DE FRANCE MASTERS,,,FFVolley Partenaires CONSULTATIONS Emploi / Appel à candidature PSF - Projets Sportifs Fédéraux Labels Clubs Equipements et Homologations Lutte contre les Maltraitances Agents Sportifs Paris sportifs,/data/Files/2025%20-%20EDF%20MASCULINE%20VOLLEY/CV%20JOUEURS/17%20Trevor%20Clevenot.png,http://www.ffvb.org/index.php?lvlid=384&dsgtypid=37&artid=1225&pos=8,http://www.ffvb.org/211-37-1-Projet-de-Performance-Federal | http://www.ffvb.org/350-37-1-STATISTIQUES | http://www.ffvb.org/148-37-1-Palmares | http://www.ffvb.org/283-37-1-Palmares | http://www.ffvb.org/284-37-1-Palmares,2025-06-13T16:34:09.983835
Yacine Louati,19,,,,,,,,France,,,,,,,,Championnats Nationaux | Championnats Régionaux | Championnats Départementaux | Coupes de France Seniors | Coupes de France Jeunes | Championnat de France | Coupe de France de Beach Volley | COUPE DE FRANCE COMPET'LIB | COUPE DE FRANCE MASTERS,,,FFVolley Partenaires CONSULTATIONS Emploi / Appel à candidature PSF - Projets Sportifs Fédéraux Labels Clubs Equipements et Homologations Lutte contre les Maltraitances Agents Sportifs Paris sportifs,/data/Files/2025%20-%20EDF%20MASCULINE%20VOLLEY/CV%20JOUEURS/19%20Yacine%20Louati.png,http://www.ffvb.org/index.php?lvlid=384&dsgtypid=37&artid=1226&pos=9,http://www.ffvb.org/211-37-1-Projet-de-Performance-Federal | http://www.ffvb.org/350-37-1-STATISTIQUES | http://www.ffvb.org/148-37-1-Palmares | http://www.ffvb.org/283-37-1-Palmares | http://www.ffvb.org/284-37-1-Palmares,2025-06-13T16:35:20.904420
Kevin Tillie,7,,,,,,,,France,,,,,,,,Championnats Nationaux | Championnats Régionaux | Championnats Départementaux | Coupes de France Seniors | Coupes de France Jeunes | Championnat de France | Coupe de France de Beach Volley | COUPE DE FRANCE COMPET'LIB | COUPE DE FRANCE MASTERS,,,FFVolley Partenaires CONSULTATIONS Emploi / Appel à candidature PSF - Projets Sportifs Fédéraux Labels Clubs Equipements et Homologations Lutte contre les Maltraitances Agents Sportifs Paris sportifs,/data/Files/2025%20-%20EDF%20MASCULINE%20VOLLEY/CV%20JOUEURS/7%20Kevin%20Tillie.png,http://www.ffvb.org/index.php?lvlid=384&dsgtypid=37&artid=1239&pos=4,http://www.ffvb.org/211-37-1-Projet-de-Performance-Federal | http://www.ffvb.org/350-37-1-STATISTIQUES | http://www.ffvb.org/148-37-1-Palmares | http://www.ffvb.org/283-37-1-Palmares | http://www.ffvb.org/284-37-1-Palmares,2025-06-13T16:34:00.147749
Yacine Louati,19,,,,,,,,France,,,,,,,,Championnats Nationaux | Championnats Régionaux | Championnats Départementaux | Coupes de France Seniors | Coupes de France Jeunes | Championnat de France | Coupe de France de Beach Volley | COUPE DE FRANCE COMPET'LIB | COUPE DE FRANCE MASTERS,,,FFVolley Partenaires CONSULTATIONS Emploi / Appel à candidature PSF - Projets Sportifs Fédéraux Labels Clubs Equipements et Homologations Lutte contre les Maltraitances Agents Sportifs Paris sportifs,/data/Files/2025%20-%20EDF%20MASCULINE%20VOLLEY/CV%20JOUEURS/19%20Yacine%20Louati.png,http://www.ffvb.org/index.php?lvlid=384&dsgtypid=37&artid=1226&pos=9,http://www.ffvb.org/211-37-1-Projet-de-Performance-Federal | http://www.ffvb.org/350-37-1-STATISTIQUES | http://www.ffvb.org/148-37-1-Palmares | http://www.ffvb.org/283-37-1-Palmares | http://www.ffvb.org/284-37-1-Palmares,2025-06-13T16:35:20.904420
Yacine Louati,19,,,,,,,,France,,,,,,,,Championnats Nationaux | Championnats Régionaux | Championnats Départementaux | Coupes de France Seniors | Coupes de France Jeunes | Championnat de France | Coupe de France de Beach Volley | COUPE DE FRANCE COMPET'LIB | COUPE DE FRANCE MASTERS,,,FFVolley Partenaires CONSULTATIONS Emploi / Appel à candidature PSF - Projets Sportifs Fédéraux Labels Clubs Equipements et Homologations Lutte contre les Maltraitances Agents Sportifs Paris sportifs,/data/Files/2025%20-%20EDF%20MASCULINE%20VOLLEY/CV%20JOUEURS/19%20Yacine%20Louati.png,http://www.ffvb.org/index.php?lvlid=384&dsgtypid=37&artid=1226&pos=9,http://www.ffvb.org/211-37-1-Projet-de-Performance-Federal | http://www.ffvb.org/350-37-1-STATISTIQUES | http://www.ffvb.org/148-37-1-Palmares | http://www.ffvb.org/283-37-1-Palmares | http://www.ffvb.org/284-37-1-Palmares,2025-06-13T16:35:20.904420
Yacine Louati,19,,,,,,,,France,,,,,,,,Championnats Nationaux | Championnats Régionaux | Championnats Départementaux | Coupes de France Seniors | Coupes de France Jeunes | Championnat de France | Coupe de France de Beach Volley | COUPE DE FRANCE COMPET'LIB | COUPE DE FRANCE MASTERS,,,FFVolley Partenaires CONSULTATIONS Emploi / Appel à candidature PSF - Projets Sportifs Fédéraux Labels Clubs Equipements et Homologations Lutte contre les Maltraitances Agents Sportifs Paris sportifs,/data/Files/2025%20-%20EDF%20MASCULINE%20VOLLEY/CV%20JOUEURS/19%20Yacine%20Louati.png,http://www.ffvb.org/index.php?lvlid=384&dsgtypid=37&artid=1226&pos=9,http://www.ffvb.org/211-37-1-Projet-de-Performance-Federal | http://www.ffvb.org/350-37-1-STATISTIQUES | http://www.ffvb.org/148-37-1-Palmares | http://www.ffvb.org/283-37-1-Palmares | http://www.ffvb.org/284-37-1-Palmares,2025-06-13T16:35:20.904420
Kevin Tillie,7,,,,,,,,France,,,,,,,,Championnats Nationaux | Championnats Régionaux | Championnats Départementaux | Coupes de France Seniors | Coupes de France Jeunes | Championnat de France | Coupe de France de Beach Volley | COUPE DE FRANCE COMPET'LIB | COUPE DE FRANCE MASTERS,,,FFVolley Partenaires CONSULTATIONS Emploi / Appel à candidature PSF - Projets Sportifs Fédéraux Labels Clubs Equipements et Homologations Lutte contre les Maltraitances Agents Sportifs Paris sportifs,/data/Files/2025%20-%20EDF%20MASCULINE%20VOLLEY/CV%20JOUEURS/7%20Kevin%20Tillie.png,http://www.ffvb.org/index.php?lvlid=384&dsgtypid=37&artid=1239&pos=4,http://www.ffvb.org/211-37-1-Projet-de-Performance-Federal | http://www.ffvb.org/350-37-1-STATISTIQUES | http://www.ffvb.org/148-37-1-Palmares | http://www.ffvb.org/283-37-1-Palmares | http://www.ffvb.org/284-37-1-Palmares,2025-06-13T16:34:00.147749
Nicolas Le Goff,14,,,,,,,,France,,,,,,,,Championnats Nationaux | Championnats Régionaux | Championnats Départementaux | Coupes de France Seniors | Coupes de France Jeunes | Championnat de France | Coupe de France de Beach Volley | COUPE DE FRANCE COMPET'LIB | COUPE DE FRANCE MASTERS,,,FFVolley Partenaires CONSULTATIONS Emploi / Appel à candidature PSF - Projets Sportifs Fédéraux Labels Clubs Equipements et Homologations Lutte contre les Maltraitances Agents Sportifs Paris sportifs,/data/Files/2025%20-%20EDF%20MASCULINE%20VOLLEY/CV%20JOUEURS/14%20Nicolas%20Le%20Goff.png,http://www.ffvb.org/index.php?lvlid=384&dsgtypid=37&artid=1224&pos=7,http://www.ffvb.org/211-37-1-Projet-de-Performance-Federal | http://www.ffvb.org/350-37-1-STATISTIQUES | http://www.ffvb.org/148-37-1-Palmares | http://www.ffvb.org/283-37-1-Palmares | http://www.ffvb.org/284-37-1-Palmares,2025-06-13T16:35:51.746879
Antoine Brizard,11,,,,,,,,France,,,,,,,,Championnats Nationaux | Championnats Régionaux | Championnats Départementaux | Coupes de France Seniors | Coupes de France Jeunes | Championnat de France | Coupe de France de Beach Volley | COUPE DE FRANCE COMPET'LIB | COUPE DE FRANCE MASTERS,,,FFVolley Partenaires CONSULTATIONS Emploi / Appel à candidature PSF - Projets Sportifs Fédéraux Labels Clubs Equipements et Homologations Lutte contre les Maltraitances Agents Sportifs Paris sportifs,/data/Files/2025%20-%20EDF%20MASCULINE%20VOLLEY/CV%20JOUEURS/11%20Antoine%20Brizard.png,http://www.ffvb.org/index.php?lvlid=384&dsgtypid=37&artid=1223&pos=6,http://www.ffvb.org/211-37-1-Projet-de-Performance-Federal | http://www.ffvb.org/350-37-1-STATISTIQUES | http://www.ffvb.org/148-37-1-Palmares | http://www.ffvb.org/283-37-1-Palmares | http://www.ffvb.org/284-37-1-Palmares,2025-06-13T16:35:54.962394
Nicolas Le Goff,14,,,,,,,,France,,,,,,,,Championnats Nationaux | Championnats Régionaux | Championnats Départementaux | Coupes de France Seniors | Coupes de France Jeunes | Championnat de France | Coupe de France de Beach Volley | COUPE DE FRANCE COMPET'LIB | COUPE DE FRANCE MASTERS,,,FFVolley Partenaires CONSULTATIONS Emploi / Appel à candidature PSF - Projets Sportifs Fédéraux Labels Clubs Equipements et Homologations Lutte contre les Maltraitances Agents Sportifs Paris sportifs,/data/Files/2025%20-%20EDF%20MASCULINE%20VOLLEY/CV%20JOUEURS/14%20Nicolas%20Le%20Goff.png,http://www.ffvb.org/index.php?lvlid=384&dsgtypid=37&artid=1224&pos=7,http://www.ffvb.org/211-37-1-Projet-de-Performance-Federal | http://www.ffvb.org/350-37-1-STATISTIQUES | http://www.ffvb.org/148-37-1-Palmares | http://www.ffvb.org/283-37-1-Palmares | http://www.ffvb.org/284-37-1-Palmares,2025-06-13T16:35:51.746879
Antoine Brizard,11,,,,,,,,France,,,,,,,,Championnats Nationaux | Championnats Régionaux | Championnats Départementaux | Coupes de France Seniors | Coupes de France Jeunes | Championnat de France | Coupe de France de Beach Volley | COUPE DE FRANCE COMPET'LIB | COUPE DE FRANCE MASTERS,,,FFVolley Partenaires CONSULTATIONS Emploi / Appel à candidature PSF - Projets Sportifs Fédéraux Labels Clubs Equipements et Homologations Lutte contre les Maltraitances Agents Sportifs Paris sportifs,/data/Files/2025%20-%20EDF%20MASCULINE%20VOLLEY/CV%20JOUEURS/11%20Antoine%20Brizard.png,http://www.ffvb.org/index.php?lvlid=384&dsgtypid=37&artid=1223&pos=6,http://www.ffvb.org/211-37-1-Projet-de-Performance-Federal | http://www.ffvb.org/350-37-1-STATISTIQUES | http://www.ffvb.org/148-37-1-Palmares | http://www.ffvb.org/283-37-1-Palmares | http://www.ffvb.org/284-37-1-Palmares,2025-06-13T16:35:54.962394
Antoine Brizard,11,,,,,,,,France,,,,,,,,Championnats Nationaux | Championnats Régionaux | Championnats Départementaux | Coupes de France Seniors | Coupes de France Jeunes | Championnat de France | Coupe de France de Beach Volley | COUPE DE FRANCE COMPET'LIB | COUPE DE FRANCE MASTERS,,,FFVolley Partenaires CONSULTATIONS Emploi / Appel à candidature PSF - Projets Sportifs Fédéraux Labels Clubs Equipements et Homologations Lutte contre les Maltraitances Agents Sportifs Paris sportifs,/data/Files/2025%20-%20EDF%20MASCULINE%20VOLLEY/CV%20JOUEURS/11%20Antoine%20Brizard.png,http://www.ffvb.org/index.php?lvlid=384&dsgtypid=37&artid=1223&pos=6,http://www.ffvb.org/211-37-1-Projet-de-Performance-Federal | http://www.ffvb.org/350-37-1-STATISTIQUES | http://www.ffvb.org/148-37-1-Palmares | http://www.ffvb.org/283-37-1-Palmares | http://www.ffvb.org/284-37-1-Palmares,2025-06-13T16:35:54.962394
Antoine Brizard,11,,,,,,,,France,,,,,,,,Championnats Nationaux | Championnats Régionaux | Championnats Départementaux | Coupes de France Seniors | Coupes de France Jeunes | Championnat de France | Coupe de France de Beach Volley | COUPE DE FRANCE COMPET'LIB | COUPE DE FRANCE MASTERS,,,FFVolley Partenaires CONSULTATIONS Emploi / Appel à candidature PSF - Projets Sportifs Fédéraux Labels Clubs Equipements et Homologations Lutte contre les Maltraitances Agents Sportifs Paris sportifs,/data/Files/2025%20-%20EDF%20MASCULINE%20VOLLEY/CV%20JOUEURS/11%20Antoine%20Brizard.png,http://www.ffvb.org/index.php?lvlid=384&dsgtypid=37&artid=1223&pos=6,http://www.ffvb.org/211-37-1-Projet-de-Performance-Federal | http://www.ffvb.org/350-37-1-STATISTIQUES | http://www.ffvb.org/148-37-1-Palmares | http://www.ffvb.org/283-37-1-Palmares | http://www.ffvb.org/284-37-1-Palmares,2025-06-13T16:35:54.962394
Nicolas Le Goff,14,,,,,,,,France,,,,,,,,Championnats Nationaux | Championnats Régionaux | Championnats Départementaux | Coupes de France Seniors | Coupes de France Jeunes | Championnat de France | Coupe de France de Beach Volley | COUPE DE FRANCE COMPET'LIB | COUPE DE FRANCE MASTERS,,,FFVolley Partenaires CONSULTATIONS Emploi / Appel à candidature PSF - Projets Sportifs Fédéraux Labels Clubs Equipements et Homologations Lutte contre les Maltraitances Agents Sportifs Paris sportifs,/data/Files/2025%20-%20EDF%20MASCULINE%20VOLLEY/CV%20JOUEURS/14%20Nicolas%20Le%20Goff.png,http://www.ffvb.org/index.php?lvlid=384&dsgtypid=37&artid=1224&pos=7,http://www.ffvb.org/211-37-1-Projet-de-Performance-Federal | http://www.ffvb.org/350-37-1-STATISTIQUES | http://www.ffvb.org/148-37-1-Palmares | http://www.ffvb.org/283-37-1-Palmares | http://www.ffvb.org/284-37-1-Palmares,2025-06-13T16:35:51.746879
Nicolas Le Goff,14,,,,,,,,France,,,,,,,,Championnats Nationaux | Championnats Régionaux | Championnats Départementaux | Coupes de France Seniors | Coupes de France Jeunes | Championnat de France | Coupe de France de Beach Volley | COUPE DE FRANCE COMPET'LIB | COUPE DE FRANCE MASTERS,,,FFVolley Partenaires CONSULTATIONS Emploi / Appel à candidature PSF - Projets Sportifs Fédéraux Labels Clubs Equipements et Homologations Lutte contre les Maltraitances Agents Sportifs Paris sportifs,/data/Files/2025%20-%20EDF%20MASCULINE%20VOLLEY/CV%20JOUEURS/14%20Nicolas%20Le%20Goff.png,http://www.ffvb.org/index.php?lvlid=384&dsgtypid=37&artid=1224&pos=7,http://www.ffvb.org/211-37-1-Projet-de-Performance-Federal | http://www.ffvb.org/350-37-1-STATISTIQUES | http://www.ffvb.org/148-37-1-Palmares | http://www.ffvb.org/283-37-1-Palmares | http://www.ffvb.org/284-37-1-Palmares,2025-06-13T16:35:51.746879
Antoine Brizard,11,,,,,,,,France,,,,,,,,Championnats Nationaux | Championnats Régionaux | Championnats Départementaux | Coupes de France Seniors | Coupes de France Jeunes | Championnat de France | Coupe de France de Beach Volley | COUPE DE FRANCE COMPET'LIB | COUPE DE FRANCE MASTERS,,,FFVolley Partenaires CONSULTATIONS Emploi / Appel à candidature PSF - Projets Sportifs Fédéraux Labels Clubs Equipements et Homologations Lutte contre les Maltraitances Agents Sportifs Paris sportifs,/data/Files/2025%20-%20EDF%20MASCULINE%20VOLLEY/CV%20JOUEURS/11%20Antoine%20Brizard.png,http://www.ffvb.org/index.php?lvlid=384&dsgtypid=37&artid=1223&pos=2,http://www.ffvb.org/211-37-1-Projet-de-Performance-Federal | http://www.ffvb.org/350-37-1-STATISTIQUES | http://www.ffvb.org/148-37-1-Palmares | http://www.ffvb.org/283-37-1-Palmares | http://www.ffvb.org/284-37-1-Palmares,2025-06-13T16:36:18.506860
Earvin Ngapeth,9,,,,,,,,France,,,,,,,,Championnats Nationaux | Championnats Régionaux | Championnats Départementaux | Coupes de France Seniors | Coupes de France Jeunes | Championnat de France | Coupe de France de Beach Volley | COUPE DE FRANCE COMPET'LIB | COUPE DE FRANCE MASTERS,,,FFVolley Partenaires CONSULTATIONS Emploi / Appel à candidature PSF - Projets Sportifs Fédéraux Labels Clubs Equipements et Homologations Lutte contre les Maltraitances Agents Sportifs Paris sportifs,/data/Files/2025%20-%20EDF%20MASCULINE%20VOLLEY/CV%20JOUEURS/9%20Earvin%20Ngapeth.png,http://www.ffvb.org/index.php?lvlid=384&dsgtypid=37&artid=1221&pos=5,http://www.ffvb.org/211-37-1-Projet-de-Performance-Federal | http://www.ffvb.org/350-37-1-STATISTIQUES | http://www.ffvb.org/148-37-1-Palmares | http://www.ffvb.org/283-37-1-Palmares | http://www.ffvb.org/284-37-1-Palmares,2025-06-13T16:36:20.480487
Antoine Brizard,11,,,,,,,,France,,,,,,,,Championnats Nationaux | Championnats Régionaux | Championnats Départementaux | Coupes de France Seniors | Coupes de France Jeunes | Championnat de France | Coupe de France de Beach Volley | COUPE DE FRANCE COMPET'LIB | COUPE DE FRANCE MASTERS,,,FFVolley Partenaires CONSULTATIONS Emploi / Appel à candidature PSF - Projets Sportifs Fédéraux Labels Clubs Equipements et Homologations Lutte contre les Maltraitances Agents Sportifs Paris sportifs,/data/Files/2025%20-%20EDF%20MASCULINE%20VOLLEY/CV%20JOUEURS/11%20Antoine%20Brizard.png,http://www.ffvb.org/index.php?lvlid=384&dsgtypid=37&artid=1223&pos=2,http://www.ffvb.org/211-37-1-Projet-de-Performance-Federal | http://www.ffvb.org/350-37-1-STATISTIQUES | http://www.ffvb.org/148-37-1-Palmares | http://www.ffvb.org/283-37-1-Palmares | http://www.ffvb.org/284-37-1-Palmares,2025-06-13T16:36:18.506860
Earvin Ngapeth,9,,,,,,,,France,,,,,,,,Championnats Nationaux | Championnats Régionaux | Championnats Départementaux | Coupes de France Seniors | Coupes de France Jeunes | Championnat de France | Coupe de France de Beach Volley | COUPE DE FRANCE COMPET'LIB | COUPE DE FRANCE MASTERS,,,FFVolley Partenaires CONSULTATIONS Emploi / Appel à candidature PSF - Projets Sportifs Fédéraux Labels Clubs Equipements et Homologations Lutte contre les Maltraitances Agents Sportifs Paris sportifs,/data/Files/2025%20-%20EDF%20MASCULINE%20VOLLEY/CV%20JOUEURS/9%20Earvin%20Ngapeth.png,http://www.ffvb.org/index.php?lvlid=384&dsgtypid=37&artid=1221&pos=5,http://www.ffvb.org/211-37-1-Projet-de-Performance-Federal | http://www.ffvb.org/350-37-1-STATISTIQUES | http://www.ffvb.org/148-37-1-Palmares | http://www.ffvb.org/283-37-1-Palmares | http://www.ffvb.org/284-37-1-Palmares,2025-06-13T16:36:20.480487
Earvin Ngapeth,9,,,,,,,,France,,,,,,,,Championnats Nationaux | Championnats Régionaux | Championnats Départementaux | Coupes de France Seniors | Coupes de France Jeunes | Championnat de France | Coupe de France de Beach Volley | COUPE DE FRANCE COMPET'LIB | COUPE DE FRANCE MASTERS,,,FFVolley Partenaires CONSULTATIONS Emploi / Appel à candidature PSF - Projets Sportifs Fédéraux Labels Clubs Equipements et Homologations Lutte contre les Maltraitances Agents Sportifs Paris sportifs,/data/Files/2025%20-%20EDF%20MASCULINE%20VOLLEY/CV%20JOUEURS/9%20Earvin%20Ngapeth.png,http://www.ffvb.org/index.php?lvlid=384&dsgtypid=37&artid=1221&pos=5,http://www.ffvb.org/211-37-1-Projet-de-Performance-Federal | http://www.ffvb.org/350-37-1-STATISTIQUES | http://www.ffvb.org/148-37-1-Palmares | http://www.ffvb.org/283-37-1-Palmares | http://www.ffvb.org/284-37-1-Palmares,2025-06-13T16:36:20.480487
Earvin Ngapeth,9,,,,,,,,France,,,,,,,,Championnats Nationaux | Championnats Régionaux | Championnats Départementaux | Coupes de France Seniors | Coupes de France Jeunes | Championnat de France | Coupe de France de Beach Volley | COUPE DE FRANCE COMPET'LIB | COUPE DE FRANCE MASTERS,,,FFVolley Partenaires CONSULTATIONS Emploi / Appel à candidature PSF - Projets Sportifs Fédéraux Labels Clubs Equipements et Homologations Lutte contre les Maltraitances Agents Sportifs Paris sportifs,/data/Files/2025%20-%20EDF%20MASCULINE%20VOLLEY/CV%20JOUEURS/9%20Earvin%20Ngapeth.png,http://www.ffvb.org/index.php?lvlid=384&dsgtypid=37&artid=1221&pos=5,http://www.ffvb.org/211-37-1-Projet-de-Performance-Federal | http://www.ffvb.org/350-37-1-STATISTIQUES | http://www.ffvb.org/148-37-1-Palmares | http://www.ffvb.org/283-37-1-Palmares | http://www.ffvb.org/284-37-1-Palmares,2025-06-13T16:36:20.480487
Antoine Brizard,11,,,,,,,,France,,,,,,,,Championnats Nationaux | Championnats Régionaux | Championnats Départementaux | Coupes de France Seniors | Coupes de France Jeunes | Championnat de France | Coupe de France de Beach Volley | COUPE DE FRANCE COMPET'LIB | COUPE DE FRANCE MASTERS,,,FFVolley Partenaires CONSULTATIONS Emploi / Appel à candidature PSF - Projets Sportifs Fédéraux Labels Clubs Equipements et Homologations Lutte contre les Maltraitances Agents Sportifs Paris sportifs,/data/Files/2025%20-%20EDF%20MASCULINE%20VOLLEY/CV%20JOUEURS/11%20Antoine%20Brizard.png,http://www.ffvb.org/index.php?lvlid=384&dsgtypid=37&artid=1223&pos=2,http://www.ffvb.org/211-37-1-Projet-de-Performance-Federal | http://www.ffvb.org/350-37-1-STATISTIQUES | http://www.ffvb.org/148-37-1-Palmares | http://www.ffvb.org/283-37-1-Palmares | http://www.ffvb.org/284-37-1-Palmares,2025-06-13T16:36:18.506860
Antoine Brizard,11,,,,,,,,France,,,,,,,,Championnats Nationaux | Championnats Régionaux | Championnats Départementaux | Coupes de France Seniors | Coupes de France Jeunes | Championnat de France | Coupe de France de Beach Volley | COUPE DE FRANCE COMPET'LIB | COUPE DE FRANCE MASTERS,,,FFVolley Partenaires CONSULTATIONS Emploi / Appel à candidature PSF - Projets Sportifs Fédéraux Labels Clubs Equipements et Homologations Lutte contre les Maltraitances Agents Sportifs Paris sportifs,/data/Files/2025%20-%20EDF%20MASCULINE%20VOLLEY/CV%20JOUEURS/11%20Antoine%20Brizard.png,http://www.ffvb.org/index.php?lvlid=384&dsgtypid=37&artid=1223&pos=2,http://www.ffvb.org/211-37-1-Projet-de-Performance-Federal | http://www.ffvb.org/350-37-1-STATISTIQUES | http://www.ffvb.org/148-37-1-Palmares | http://www.ffvb.org/283-37-1-Palmares | http://www.ffvb.org/284-37-1-Palmares,2025-06-13T16:36:18.506860
Benjamin Toniutti,6,,,,,,,,France,,,,,,,,Championnats Nationaux | Championnats Régionaux | Championnats Départementaux | Coupes de France Seniors | Coupes de France Jeunes | Championnat de France | Coupe de France de Beach Volley | COUPE DE FRANCE COMPET'LIB | COUPE DE FRANCE MASTERS,,,FFVolley Partenaires CONSULTATIONS Emploi / Appel à candidature PSF - Projets Sportifs Fédéraux Labels Clubs Equipements et Homologations Lutte contre les Maltraitances Agents Sportifs Paris sportifs,/data/Files/2025%20-%20EDF%20MASCULINE%20VOLLEY/CV%20JOUEURS/6%20Benjamin%20Toniutti.png,http://www.ffvb.org/index.php?lvlid=384&dsgtypid=37&artid=1239&pos=3,http://www.ffvb.org/211-37-1-Projet-de-Performance-Federal | http://www.ffvb.org/350-37-1-STATISTIQUES | http://www.ffvb.org/148-37-1-Palmares | http://www.ffvb.org/283-37-1-Palmares | http://www.ffvb.org/284-37-1-Palmares,2025-06-13T16:37:12.796766
Jean Patry,4,,,,,,,,France,,,,,,,,Championnats Nationaux | Championnats Régionaux | Championnats Départementaux | Coupes de France Seniors | Coupes de France Jeunes | Championnat de France | Coupe de France de Beach Volley | COUPE DE FRANCE COMPET'LIB | COUPE DE FRANCE MASTERS,,,FFVolley Partenaires CONSULTATIONS Emploi / Appel à candidature PSF - Projets Sportifs Fédéraux Labels Clubs Equipements et Homologations Lutte contre les Maltraitances Agents Sportifs Paris sportifs,/data/Files/2025%20-%20EDF%20MASCULINE%20VOLLEY/CV%20JOUEURS/4%20Jean%20Patry.png,http://www.ffvb.org/index.php?lvlid=384&dsgtypid=37&artid=1239&pos=2,http://www.ffvb.org/211-37-1-Projet-de-Performance-Federal | http://www.ffvb.org/350-37-1-STATISTIQUES | http://www.ffvb.org/148-37-1-Palmares | http://www.ffvb.org/283-37-1-Palmares | http://www.ffvb.org/284-37-1-Palmares,2025-06-13T16:37:15.255273
Benjamin Toniutti,6,,,,,,,,France,,,,,,,,Championnats Nationaux | Championnats Régionaux | Championnats Départementaux | Coupes de France Seniors | Coupes de France Jeunes | Championnat de France | Coupe de France de Beach Volley | COUPE DE FRANCE COMPET'LIB | COUPE DE FRANCE MASTERS,,,FFVolley Partenaires CONSULTATIONS Emploi / Appel à candidature PSF - Projets Sportifs Fédéraux Labels Clubs Equipements et Homologations Lutte contre les Maltraitances Agents Sportifs Paris sportifs,/data/Files/2025%20-%20EDF%20MASCULINE%20VOLLEY/CV%20JOUEURS/6%20Benjamin%20Toniutti.png,http://www.ffvb.org/index.php?lvlid=384&dsgtypid=37&artid=1239&pos=3,http://www.ffvb.org/211-37-1-Projet-de-Performance-Federal | http://www.ffvb.org/350-37-1-STATISTIQUES | http://www.ffvb.org/148-37-1-Palmares | http://www.ffvb.org/283-37-1-Palmares | http://www.ffvb.org/284-37-1-Palmares,2025-06-13T16:37:12.796766
Jean Patry,4,,,,,,,,France,,,,,,,,Championnats Nationaux | Championnats Régionaux | Championnats Départementaux | Coupes de France Seniors | Coupes de France Jeunes | Championnat de France | Coupe de France de Beach Volley | COUPE DE FRANCE COMPET'LIB | COUPE DE FRANCE MASTERS,,,FFVolley Partenaires CONSULTATIONS Emploi / Appel à candidature PSF - Projets Sportifs Fédéraux Labels Clubs Equipements et Homologations Lutte contre les Maltraitances Agents Sportifs Paris sportifs,/data/Files/2025%20-%20EDF%20MASCULINE%20VOLLEY/CV%20JOUEURS/4%20Jean%20Patry.png,http://www.ffvb.org/index.php?lvlid=384&dsgtypid=37&artid=1239&pos=2,http://www.ffvb.org/211-37-1-Projet-de-Performance-Federal | http://www.ffvb.org/350-37-1-STATISTIQUES | http://www.ffvb.org/148-37-1-Palmares | http://www.ffvb.org/283-37-1-Palmares | http://www.ffvb.org/284-37-1-Palmares,2025-06-13T16:37:15.255273
Jean Patry,4,,,,,,,,France,,,,,,,,Championnats Nationaux | Championnats Régionaux | Championnats Départementaux | Coupes de France Seniors | Coupes de France Jeunes | Championnat de France | Coupe de France de Beach Volley | COUPE DE FRANCE COMPET'LIB | COUPE DE FRANCE MASTERS,,,FFVolley Partenaires CONSULTATIONS Emploi / Appel à candidature PSF - Projets Sportifs Fédéraux Labels Clubs Equipements et Homologations Lutte contre les Maltraitances Agents Sportifs Paris sportifs,/data/Files/2025%20-%20EDF%20MASCULINE%20VOLLEY/CV%20JOUEURS/4%20Jean%20Patry.png,http://www.ffvb.org/index.php?lvlid=384&dsgtypid=37&artid=1239&pos=2,http://www.ffvb.org/211-37-1-Projet-de-Performance-Federal | http://www.ffvb.org/350-37-1-STATISTIQUES | http://www.ffvb.org/148-37-1-Palmares | http://www.ffvb.org/283-37-1-Palmares | http://www.ffvb.org/284-37-1-Palmares,2025-06-13T16:37:15.255273
Jean Patry,4,,,,,,,,France,,,,,,,,Championnats Nationaux | Championnats Régionaux | Championnats Départementaux | Coupes de France Seniors | Coupes de France Jeunes | Championnat de France | Coupe de France de Beach Volley | COUPE DE FRANCE COMPET'LIB | COUPE DE FRANCE MASTERS,,,FFVolley Partenaires CONSULTATIONS Emploi / Appel à candidature PSF - Projets Sportifs Fédéraux Labels Clubs Equipements et Homologations Lutte contre les Maltraitances Agents Sportifs Paris sportifs,/data/Files/2025%20-%20EDF%20MASCULINE%20VOLLEY/CV%20JOUEURS/4%20Jean%20Patry.png,http://www.ffvb.org/index.php?lvlid=384&dsgtypid=37&artid=1239&pos=2,http://www.ffvb.org/211-37-1-Projet-de-Performance-Federal | http://www.ffvb.org/350-37-1-STATISTIQUES | http://www.ffvb.org/148-37-1-Palmares | http://www.ffvb.org/283-37-1-Palmares | http://www.ffvb.org/284-37-1-Palmares,2025-06-13T16:37:15.255273
Benjamin Toniutti,6,,,,,,,,France,,,,,,,,Championnats Nationaux | Championnats Régionaux | Championnats Départementaux | Coupes de France Seniors | Coupes de France Jeunes | Championnat de France | Coupe de France de Beach Volley | COUPE DE FRANCE COMPET'LIB | COUPE DE FRANCE MASTERS,,,FFVolley Partenaires CONSULTATIONS Emploi / Appel à candidature PSF - Projets Sportifs Fédéraux Labels Clubs Equipements et Homologations Lutte contre les Maltraitances Agents Sportifs Paris sportifs,/data/Files/2025%20-%20EDF%20MASCULINE%20VOLLEY/CV%20JOUEURS/6%20Benjamin%20Toniutti.png,http://www.ffvb.org/index.php?lvlid=384&dsgtypid=37&artid=1239&pos=3,http://www.ffvb.org/211-37-1-Projet-de-Performance-Federal | http://www.ffvb.org/350-37-1-STATISTIQUES | http://www.ffvb.org/148-37-1-Palmares | http://www.ffvb.org/283-37-1-Palmares | http://www.ffvb.org/284-37-1-Palmares,2025-06-13T16:37:12.796766
Benjamin Toniutti,6,,,,,,,,France,,,,,,,,Championnats Nationaux | Championnats Régionaux | Championnats Départementaux | Coupes de France Seniors | Coupes de France Jeunes | Championnat de France | Coupe de France de Beach Volley | COUPE DE FRANCE COMPET'LIB | COUPE DE FRANCE MASTERS,,,FFVolley Partenaires CONSULTATIONS Emploi / Appel à candidature PSF - Projets Sportifs Fédéraux Labels Clubs Equipements et Homologations Lutte contre les Maltraitances Agents Sportifs Paris sportifs,/data/Files/2025%20-%20EDF%20MASCULINE%20VOLLEY/CV%20JOUEURS/6%20Benjamin%20Toniutti.png,http://www.ffvb.org/index.php?lvlid=384&dsgtypid=37&artid=1239&pos=3,http://www.ffvb.org/211-37-1-Projet-de-Performance-Federal | http://www.ffvb.org/350-37-1-STATISTIQUES | http://www.ffvb.org/148-37-1-Palmares | http://www.ffvb.org/283-37-1-Palmares | http://www.ffvb.org/284-37-1-Palmares,2025-06-13T16:37:12.796766
Barthélémy Chinenyeze,1,,,,,,,,France,,,,,,,,Championnats Nationaux | Championnats Régionaux | Championnats Départementaux | Coupes de France Seniors | Coupes de France Jeunes | Championnat de France | Coupe de France de Beach Volley | COUPE DE FRANCE COMPET'LIB | COUPE DE FRANCE MASTERS,,,FFVolley Partenaires CONSULTATIONS Emploi / Appel à candidature PSF - Projets Sportifs Fédéraux Labels Clubs Equipements et Homologations Lutte contre les Maltraitances Agents Sportifs Paris sportifs,/data/Files/2025%20-%20EDF%20MASCULINE%20VOLLEY/CV%20JOUEURS/1%20Barth%C3%A9l%C3%A9my%20Chinenyeze.png,http://www.ffvb.org/index.php?lvlid=384&dsgtypid=37&artid=1239&pos=0,http://www.ffvb.org/211-37-1-Projet-de-Performance-Federal | http://www.ffvb.org/350-37-1-STATISTIQUES | http://www.ffvb.org/148-37-1-Palmares | http://www.ffvb.org/283-37-1-Palmares | http://www.ffvb.org/284-37-1-Palmares,2025-06-13T16:37:54.708069
Barthélémy Chinenyeze,1,,,,,,,,France,,,,,,,,Championnats Nationaux | Championnats Régionaux | Championnats Départementaux | Coupes de France Seniors | Coupes de France Jeunes | Championnat de France | Coupe de France de Beach Volley | COUPE DE FRANCE COMPET'LIB | COUPE DE FRANCE MASTERS,,,FFVolley Partenaires CONSULTATIONS Emploi / Appel à candidature PSF - Projets Sportifs Fédéraux Labels Clubs Equipements et Homologations Lutte contre les Maltraitances Agents Sportifs Paris sportifs,/data/Files/2025%20-%20EDF%20MASCULINE%20VOLLEY/CV%20JOUEURS/1%20Barth%C3%A9l%C3%A9my%20Chinenyeze.png,http://www.ffvb.org/index.php?lvlid=384&dsgtypid=37&artid=1217&pos=0,http://www.ffvb.org/211-37-1-Projet-de-Performance-Federal | http://www.ffvb.org/350-37-1-STATISTIQUES | http://www.ffvb.org/148-37-1-Palmares | http://www.ffvb.org/283-37-1-Palmares | http://www.ffvb.org/284-37-1-Palmares,2025-06-13T16:37:56.937734
Barthélémy Chinenyeze,1,,,,,,,,France,,,,,,,,Championnats Nationaux | Championnats Régionaux | Championnats Départementaux | Coupes de France Seniors | Coupes de France Jeunes | Championnat de France | Coupe de France de Beach Volley | COUPE DE FRANCE COMPET'LIB | COUPE DE FRANCE MASTERS,,,FFVolley Partenaires CONSULTATIONS Emploi / Appel à candidature PSF - Projets Sportifs Fédéraux Labels Clubs Equipements et Homologations Lutte contre les Maltraitances Agents Sportifs Paris sportifs,/data/Files/2025%20-%20EDF%20MASCULINE%20VOLLEY/CV%20JOUEURS/1%20Barth%C3%A9l%C3%A9my%20Chinenyeze.png,http://www.ffvb.org/index.php?lvlid=384&dsgtypid=37&artid=1239&pos=0,http://www.ffvb.org/211-37-1-Projet-de-Performance-Federal | http://www.ffvb.org/350-37-1-STATISTIQUES | http://www.ffvb.org/148-37-1-Palmares | http://www.ffvb.org/283-37-1-Palmares | http://www.ffvb.org/284-37-1-Palmares,2025-06-13T16:37:54.708069
